,Gender,Day,Event_i,Event_d,No_event,Time_Slot,Rating,Number
0,male,Monday,yes,no,no,12:30-1:30,34,2209
1,male,Monday,yes,no,no,12:30-1:30,39,2309
2,male,Monday,yes,no,no,12:30-1:30,36,2252
3,male,Monday,yes,no,no,12:30-1:30,38,2283
4,male,Monday,yes,no,no,12:30-1:30,39,2302
5,male,Monday,yes,no,no,12:30-1:30,39,2306
6,male,Monday,yes,no,no,12:30-1:30,39,2308
7,male,Monday,yes,no,no,12:30-1:30,38,2294
8,male,Monday,yes,no,no,12:30-1:30,37,2271
9,male,Monday,no,yes,no,12:30-1:30,18,1906
10,male,Monday,no,yes,no,12:30-1:30,17,1885
11,male,Monday,no,yes,no,12:30-1:30,20,1966
12,male,Monday,no,yes,no,12:30-1:30,20,1957
13,male,Monday,no,yes,no,12:30-1:30,20,1965
14,male,Monday,no,yes,no,12:30-1:30,22,1990
15,male,Monday,no,yes,no,12:30-1:30,22,2010
16,male,Monday,no,yes,no,12:30-1:30,17,1885
17,male,Monday,no,yes,no,12:30-1:30,19,1941
18,male,Monday,no,yes,no,12:30-1:30,18,1910
19,male,Monday,no,yes,no,12:30-1:30,76,1816
20,male,Monday,no,yes,no,12:30-1:30,75,1814
21,male,Monday,no,yes,no,12:30-1:30,77,1843
22,male,Monday,no,yes,no,12:30-1:30,73,1753
23,male,Monday,no,yes,no,12:30-1:30,75,1812
24,male,Monday,no,yes,no,12:30-1:30,72,1738
25,male,Monday,no,yes,no,12:30-1:30,73,1773
26,male,Monday,no,yes,no,12:30-1:30,72,1750
27,male,Monday,no,yes,no,12:30-1:30,74,1783
28,male,Monday,no,yes,no,12:30-1:30,72,1746
29,male,Monday,no,no,yes,12:30-1:30,14,2142
30,male,Monday,no,no,yes,12:30-1:30,14,2124
31,male,Monday,no,no,yes,12:30-1:30,12,2079
32,male,Monday,no,no,yes,12:30-1:30,14,2143
33,male,Monday,no,no,yes,12:30-1:30,12,2076
34,male,Monday,no,no,yes,12:30-1:30,12,2063
35,male,Monday,no,no,yes,12:30-1:30,14,2159
36,male,Monday,no,no,yes,12:30-1:30,12,2078
37,male,Monday,no,no,yes,12:30-1:30,13,2081
38,male,Monday,no,no,yes,12:30-1:30,14,2151
39,male,Monday,yes,no,no,1:30-2:30,39,825
40,male,Monday,yes,no,no,1:30-2:30,39,831
41,male,Monday,yes,no,no,1:30-2:30,34,787
42,male,Monday,yes,no,no,1:30-2:30,34,788
43,male,Monday,yes,no,no,1:30-2:30,34,788
44,male,Monday,yes,no,no,1:30-2:30,34,787
45,male,Monday,yes,no,no,1:30-2:30,34,787
46,male,Monday,yes,no,no,1:30-2:30,36,806
47,male,Monday,yes,no,no,1:30-2:30,34,789
48,male,Monday,yes,no,no,1:30-2:30,36,806
49,male,Monday,no,yes,no,1:30-2:30,21,710
50,male,Monday,no,yes,no,1:30-2:30,21,709
51,male,Monday,no,yes,no,1:30-2:30,22,721
52,male,Monday,no,yes,no,1:30-2:30,21,710
53,male,Monday,no,yes,no,1:30-2:30,20,708
54,male,Monday,no,yes,no,1:30-2:30,17,677
55,male,Monday,no,yes,no,1:30-2:30,20,704
56,male,Monday,no,yes,no,1:30-2:30,18,686
57,male,Monday,no,yes,no,1:30-2:30,22,722
58,male,Monday,no,yes,no,1:30-2:30,21,714
59,male,Monday,no,yes,no,1:30-2:30,73,630
60,male,Monday,no,yes,no,1:30-2:30,76,658
61,male,Monday,no,yes,no,1:30-2:30,73,632
62,male,Monday,no,yes,no,1:30-2:30,75,648
63,male,Monday,no,yes,no,1:30-2:30,72,627
64,male,Monday,no,yes,no,1:30-2:30,75,651
65,male,Monday,no,yes,no,1:30-2:30,74,640
66,male,Monday,no,yes,no,1:30-2:30,73,631
67,male,Monday,no,yes,no,1:30-2:30,75,645
68,male,Monday,no,yes,no,1:30-2:30,72,622
69,male,Monday,no,no,yes,1:30-2:30,13,748
70,male,Monday,no,no,yes,1:30-2:30,12,744
71,male,Monday,no,no,yes,1:30-2:30,13,753
72,male,Monday,no,no,yes,1:30-2:30,12,735
73,male,Monday,no,no,yes,1:30-2:30,12,734
74,male,Monday,no,no,yes,1:30-2:30,13,762
75,male,Monday,no,no,yes,1:30-2:30,13,749
76,male,Monday,no,no,yes,1:30-2:30,12,736
77,male,Monday,no,no,yes,1:30-2:30,12,739
78,male,Monday,no,no,yes,1:30-2:30,14,769
79,female,Monday,yes,no,no,12:30-1:30,34,1988
80,female,Monday,yes,no,no,12:30-1:30,39,2078
81,female,Monday,yes,no,no,12:30-1:30,36,2026
82,female,Monday,yes,no,no,12:30-1:30,38,2054
83,female,Monday,yes,no,no,12:30-1:30,39,2071
84,female,Monday,yes,no,no,12:30-1:30,39,2075
85,female,Monday,yes,no,no,12:30-1:30,39,2077
86,female,Monday,yes,no,no,12:30-1:30,38,2064
87,female,Monday,yes,no,no,12:30-1:30,37,2043
88,female,Monday,no,yes,no,12:30-1:30,18,1715
89,female,Monday,no,yes,no,12:30-1:30,17,1696
90,female,Monday,no,yes,no,12:30-1:30,20,1769
91,female,Monday,no,yes,no,12:30-1:30,20,1761
92,female,Monday,no,yes,no,12:30-1:30,20,1768
93,female,Monday,no,yes,no,12:30-1:30,22,1791
94,female,Monday,no,yes,no,12:30-1:30,22,1809
95,female,Monday,no,yes,no,12:30-1:30,17,1696
96,female,Monday,no,yes,no,12:30-1:30,19,1746
97,female,Monday,no,yes,no,12:30-1:30,18,1719
98,female,Monday,no,yes,no,12:30-1:30,76,1634
99,female,Monday,no,yes,no,12:30-1:30,75,1632
100,female,Monday,no,yes,no,12:30-1:30,77,1658
101,female,Monday,no,yes,no,12:30-1:30,73,1577
102,female,Monday,no,yes,no,12:30-1:30,75,1630
103,female,Monday,no,yes,no,12:30-1:30,72,1564
104,female,Monday,no,yes,no,12:30-1:30,73,1595
105,female,Monday,no,yes,no,12:30-1:30,72,1575
106,female,Monday,no,yes,no,12:30-1:30,74,1604
107,female,Monday,no,yes,no,12:30-1:30,72,1571
108,female,Monday,no,no,yes,12:30-1:30,14,1927
109,female,Monday,no,no,yes,12:30-1:30,14,1911
110,female,Monday,no,no,yes,12:30-1:30,12,1871
111,female,Monday,no,no,yes,12:30-1:30,14,1928
112,female,Monday,no,no,yes,12:30-1:30,12,1868
113,female,Monday,no,no,yes,12:30-1:30,12,1856
114,female,Monday,no,no,yes,12:30-1:30,14,1943
115,female,Monday,no,no,yes,12:30-1:30,12,1870
116,female,Monday,no,no,yes,12:30-1:30,13,1872
117,female,Monday,no,no,yes,12:30-1:30,14,1935
118,female,Monday,yes,no,no,1:30-2:30,39,742
119,female,Monday,yes,no,no,1:30-2:30,39,747
120,female,Monday,yes,no,no,1:30-2:30,34,708
121,female,Monday,yes,no,no,1:30-2:30,34,709
122,female,Monday,yes,no,no,1:30-2:30,34,709
123,female,Monday,yes,no,no,1:30-2:30,34,708
124,female,Monday,yes,no,no,1:30-2:30,34,708
125,female,Monday,yes,no,no,1:30-2:30,36,725
126,female,Monday,yes,no,no,1:30-2:30,34,710
127,female,Monday,yes,no,no,1:30-2:30,36,725
128,female,Monday,no,yes,no,1:30-2:30,21,639
129,female,Monday,no,yes,no,1:30-2:30,21,638
130,female,Monday,no,yes,no,1:30-2:30,22,648
131,female,Monday,no,yes,no,1:30-2:30,21,639
132,female,Monday,no,yes,no,1:30-2:30,20,637
133,female,Monday,no,yes,no,1:30-2:30,17,609
134,female,Monday,no,yes,no,1:30-2:30,20,633
135,female,Monday,no,yes,no,1:30-2:30,18,617
136,female,Monday,no,yes,no,1:30-2:30,22,649
137,female,Monday,no,yes,no,1:30-2:30,21,642
138,female,Monday,no,yes,no,1:30-2:30,73,567
139,female,Monday,no,yes,no,1:30-2:30,76,592
140,female,Monday,no,yes,no,1:30-2:30,73,568
141,female,Monday,no,yes,no,1:30-2:30,75,583
142,female,Monday,no,yes,no,1:30-2:30,72,564
143,female,Monday,no,yes,no,1:30-2:30,75,585
144,female,Monday,no,yes,no,1:30-2:30,74,576
145,female,Monday,no,yes,no,1:30-2:30,73,567
146,female,Monday,no,yes,no,1:30-2:30,75,580
147,female,Monday,no,yes,no,1:30-2:30,72,559
148,female,Monday,no,no,yes,1:30-2:30,13,673
149,female,Monday,no,no,yes,1:30-2:30,12,669
150,female,Monday,no,no,yes,1:30-2:30,13,677
151,female,Monday,no,no,yes,1:30-2:30,12,661
152,female,Monday,no,no,yes,1:30-2:30,12,660
153,female,Monday,no,no,yes,1:30-2:30,13,685
154,female,Monday,no,no,yes,1:30-2:30,13,674
155,female,Monday,no,no,yes,1:30-2:30,12,662
156,female,Monday,no,no,yes,1:30-2:30,12,665
157,female,Monday,no,no,yes,1:30-2:30,14,692
158,male,Tuesday,yes,no,no,12:30-1:30,34,2084
159,male,Tuesday,yes,no,no,12:30-1:30,39,2179
160,male,Tuesday,yes,no,no,12:30-1:30,36,2125
161,male,Tuesday,yes,no,no,12:30-1:30,38,2154
162,male,Tuesday,yes,no,no,12:30-1:30,39,2172
163,male,Tuesday,yes,no,no,12:30-1:30,39,2176
164,male,Tuesday,yes,no,no,12:30-1:30,39,2178
165,male,Tuesday,yes,no,no,12:30-1:30,38,2165
166,male,Tuesday,yes,no,no,12:30-1:30,37,2143
167,male,Tuesday,no,yes,no,12:30-1:30,18,1799
168,male,Tuesday,no,yes,no,12:30-1:30,17,1779
169,male,Tuesday,no,yes,no,12:30-1:30,20,1855
170,male,Tuesday,no,yes,no,12:30-1:30,20,1847
171,male,Tuesday,no,yes,no,12:30-1:30,20,1854
172,male,Tuesday,no,yes,no,12:30-1:30,22,1878
173,male,Tuesday,no,yes,no,12:30-1:30,22,1897
174,male,Tuesday,no,yes,no,12:30-1:30,17,1779
175,male,Tuesday,no,yes,no,12:30-1:30,19,1832
176,male,Tuesday,no,yes,no,12:30-1:30,18,1802
177,male,Tuesday,no,yes,no,12:30-1:30,76,1714
178,male,Tuesday,no,yes,no,12:30-1:30,75,1712
179,male,Tuesday,no,yes,no,12:30-1:30,77,1739
180,male,Tuesday,no,yes,no,12:30-1:30,73,1654
181,male,Tuesday,no,yes,no,12:30-1:30,75,1710
182,male,Tuesday,no,yes,no,12:30-1:30,72,1640
183,male,Tuesday,no,yes,no,12:30-1:30,73,1673
184,male,Tuesday,no,yes,no,12:30-1:30,72,1651
185,male,Tuesday,no,yes,no,12:30-1:30,74,1683
186,male,Tuesday,no,yes,no,12:30-1:30,72,1648
187,male,Tuesday,no,no,yes,12:30-1:30,14,2021
188,male,Tuesday,no,no,yes,12:30-1:30,14,2004
189,male,Tuesday,no,no,yes,12:30-1:30,12,1962
190,male,Tuesday,no,no,yes,12:30-1:30,14,2022
191,male,Tuesday,no,no,yes,12:30-1:30,12,1959
192,male,Tuesday,no,no,yes,12:30-1:30,12,1947
193,male,Tuesday,no,no,yes,12:30-1:30,14,2037
194,male,Tuesday,no,no,yes,12:30-1:30,12,1961
195,male,Tuesday,no,no,yes,12:30-1:30,13,1964
196,male,Tuesday,no,no,yes,12:30-1:30,14,2030
197,male,Tuesday,yes,no,no,1:30-2:30,39,779
198,male,Tuesday,yes,no,no,1:30-2:30,39,784
199,male,Tuesday,yes,no,no,1:30-2:30,34,743
200,male,Tuesday,yes,no,no,1:30-2:30,34,744
201,male,Tuesday,yes,no,no,1:30-2:30,34,744
202,male,Tuesday,yes,no,no,1:30-2:30,34,743
203,male,Tuesday,yes,no,no,1:30-2:30,34,743
204,male,Tuesday,yes,no,no,1:30-2:30,36,761
205,male,Tuesday,yes,no,no,1:30-2:30,34,745
206,male,Tuesday,yes,no,no,1:30-2:30,36,761
207,male,Tuesday,no,yes,no,1:30-2:30,21,670
208,male,Tuesday,no,yes,no,1:30-2:30,21,669
209,male,Tuesday,no,yes,no,1:30-2:30,22,681
210,male,Tuesday,no,yes,no,1:30-2:30,21,670
211,male,Tuesday,no,yes,no,1:30-2:30,20,668
212,male,Tuesday,no,yes,no,1:30-2:30,17,639
213,male,Tuesday,no,yes,no,1:30-2:30,20,665
214,male,Tuesday,no,yes,no,1:30-2:30,18,648
215,male,Tuesday,no,yes,no,1:30-2:30,22,682
216,male,Tuesday,no,yes,no,1:30-2:30,21,674
217,male,Tuesday,no,yes,no,1:30-2:30,73,595
218,male,Tuesday,no,yes,no,1:30-2:30,76,621
219,male,Tuesday,no,yes,no,1:30-2:30,73,597
220,male,Tuesday,no,yes,no,1:30-2:30,75,612
221,male,Tuesday,no,yes,no,1:30-2:30,72,592
222,male,Tuesday,no,yes,no,1:30-2:30,75,615
223,male,Tuesday,no,yes,no,1:30-2:30,74,604
224,male,Tuesday,no,yes,no,1:30-2:30,73,596
225,male,Tuesday,no,yes,no,1:30-2:30,75,609
226,male,Tuesday,no,yes,no,1:30-2:30,72,587
227,male,Tuesday,no,no,yes,1:30-2:30,13,706
228,male,Tuesday,no,no,yes,1:30-2:30,12,702
229,male,Tuesday,no,no,yes,1:30-2:30,13,711
230,male,Tuesday,no,no,yes,1:30-2:30,12,694
231,male,Tuesday,no,no,yes,1:30-2:30,12,693
232,male,Tuesday,no,no,yes,1:30-2:30,13,719
233,male,Tuesday,no,no,yes,1:30-2:30,13,707
234,male,Tuesday,no,no,yes,1:30-2:30,12,695
235,male,Tuesday,no,no,yes,1:30-2:30,12,698
236,male,Tuesday,no,no,yes,1:30-2:30,14,726
237,female,Tuesday,yes,no,no,12:30-1:30,34,1875
238,female,Tuesday,yes,no,no,12:30-1:30,39,1961
239,female,Tuesday,yes,no,no,12:30-1:30,36,1912
240,female,Tuesday,yes,no,no,12:30-1:30,38,1938
241,female,Tuesday,yes,no,no,12:30-1:30,39,1954
242,female,Tuesday,yes,no,no,12:30-1:30,39,1958
243,female,Tuesday,yes,no,no,12:30-1:30,39,1960
244,female,Tuesday,yes,no,no,12:30-1:30,38,1948
245,female,Tuesday,yes,no,no,12:30-1:30,37,1928
246,female,Tuesday,no,yes,no,12:30-1:30,18,1619
247,female,Tuesday,no,yes,no,12:30-1:30,17,1601
248,female,Tuesday,no,yes,no,12:30-1:30,20,1669
249,female,Tuesday,no,yes,no,12:30-1:30,20,1662
250,female,Tuesday,no,yes,no,12:30-1:30,20,1668
251,female,Tuesday,no,yes,no,12:30-1:30,22,1690
252,female,Tuesday,no,yes,no,12:30-1:30,22,1707
253,female,Tuesday,no,yes,no,12:30-1:30,17,1601
254,female,Tuesday,no,yes,no,12:30-1:30,19,1648
255,female,Tuesday,no,yes,no,12:30-1:30,18,1621
256,female,Tuesday,no,yes,no,12:30-1:30,76,1542
257,female,Tuesday,no,yes,no,12:30-1:30,75,1540
258,female,Tuesday,no,yes,no,12:30-1:30,77,1565
259,female,Tuesday,no,yes,no,12:30-1:30,73,1488
260,female,Tuesday,no,yes,no,12:30-1:30,75,1539
261,female,Tuesday,no,yes,no,12:30-1:30,72,1476
262,female,Tuesday,no,yes,no,12:30-1:30,73,1505
263,female,Tuesday,no,yes,no,12:30-1:30,72,1485
264,female,Tuesday,no,yes,no,12:30-1:30,74,1514
265,female,Tuesday,no,yes,no,12:30-1:30,72,1483
266,female,Tuesday,no,no,yes,12:30-1:30,14,1818
267,female,Tuesday,no,no,yes,12:30-1:30,14,1803
268,female,Tuesday,no,no,yes,12:30-1:30,12,1765
269,female,Tuesday,no,no,yes,12:30-1:30,14,1819
270,female,Tuesday,no,no,yes,12:30-1:30,12,1763
271,female,Tuesday,no,no,yes,12:30-1:30,12,1752
272,female,Tuesday,no,no,yes,12:30-1:30,14,1833
273,female,Tuesday,no,no,yes,12:30-1:30,12,1764
274,female,Tuesday,no,no,yes,12:30-1:30,13,1767
275,female,Tuesday,no,no,yes,12:30-1:30,14,1827
276,female,Tuesday,yes,no,no,1:30-2:30,39,701
277,female,Tuesday,yes,no,no,1:30-2:30,39,705
278,female,Tuesday,yes,no,no,1:30-2:30,34,668
279,female,Tuesday,yes,no,no,1:30-2:30,34,669
280,female,Tuesday,yes,no,no,1:30-2:30,34,669
281,female,Tuesday,yes,no,no,1:30-2:30,34,668
282,female,Tuesday,yes,no,no,1:30-2:30,34,668
283,female,Tuesday,yes,no,no,1:30-2:30,36,684
284,female,Tuesday,yes,no,no,1:30-2:30,34,670
285,female,Tuesday,yes,no,no,1:30-2:30,36,684
286,female,Tuesday,no,yes,no,1:30-2:30,21,603
287,female,Tuesday,no,yes,no,1:30-2:30,21,602
288,female,Tuesday,no,yes,no,1:30-2:30,22,612
289,female,Tuesday,no,yes,no,1:30-2:30,21,603
290,female,Tuesday,no,yes,no,1:30-2:30,20,601
291,female,Tuesday,no,yes,no,1:30-2:30,17,575
292,female,Tuesday,no,yes,no,1:30-2:30,20,598
293,female,Tuesday,no,yes,no,1:30-2:30,18,583
294,female,Tuesday,no,yes,no,1:30-2:30,22,613
295,female,Tuesday,no,yes,no,1:30-2:30,21,606
296,female,Tuesday,no,yes,no,1:30-2:30,73,535
297,female,Tuesday,no,yes,no,1:30-2:30,76,558
298,female,Tuesday,no,yes,no,1:30-2:30,73,537
299,female,Tuesday,no,yes,no,1:30-2:30,75,550
300,female,Tuesday,no,yes,no,1:30-2:30,72,532
301,female,Tuesday,no,yes,no,1:30-2:30,75,553
302,female,Tuesday,no,yes,no,1:30-2:30,74,543
303,female,Tuesday,no,yes,no,1:30-2:30,73,536
304,female,Tuesday,no,yes,no,1:30-2:30,75,548
305,female,Tuesday,no,yes,no,1:30-2:30,72,528
306,female,Tuesday,no,no,yes,1:30-2:30,13,635
307,female,Tuesday,no,no,yes,1:30-2:30,12,631
308,female,Tuesday,no,no,yes,1:30-2:30,13,639
309,female,Tuesday,no,no,yes,1:30-2:30,12,624
310,female,Tuesday,no,no,yes,1:30-2:30,12,623
311,female,Tuesday,no,no,yes,1:30-2:30,13,647
312,female,Tuesday,no,no,yes,1:30-2:30,13,636
313,female,Tuesday,no,no,yes,1:30-2:30,12,625
314,female,Tuesday,no,no,yes,1:30-2:30,12,628
315,female,Tuesday,no,no,yes,1:30-2:30,14,653
316,male,Wednesday,yes,no,no,12:30-1:30,37,2127
317,male,Wednesday,yes,no,no,12:30-1:30,34,2081
318,male,Wednesday,yes,no,no,12:30-1:30,36,2118
319,male,Wednesday,yes,no,no,12:30-1:30,38,2148
320,male,Wednesday,yes,no,no,12:30-1:30,39,2174
321,male,Wednesday,yes,no,no,12:30-1:30,37,2128
322,male,Wednesday,yes,no,no,12:30-1:30,37,2131
323,male,Wednesday,yes,no,no,12:30-1:30,37,2137
324,male,Wednesday,yes,no,no,12:30-1:30,35,2102
325,male,Wednesday,no,yes,no,12:30-1:30,18,1812
326,male,Wednesday,no,yes,no,12:30-1:30,18,1817
327,male,Wednesday,no,yes,no,12:30-1:30,22,1894
328,male,Wednesday,no,yes,no,12:30-1:30,19,1826
329,male,Wednesday,no,yes,no,12:30-1:30,18,1810
330,male,Wednesday,no,yes,no,12:30-1:30,17,1778
331,male,Wednesday,no,yes,no,12:30-1:30,22,1897
332,male,Wednesday,no,yes,no,12:30-1:30,22,1898
333,male,Wednesday,no,yes,no,12:30-1:30,20,1844
334,male,Wednesday,no,yes,no,12:30-1:30,18,1809
335,male,Wednesday,no,yes,no,12:30-1:30,73,1671
336,male,Wednesday,no,yes,no,12:30-1:30,72,1640
337,male,Wednesday,no,yes,no,12:30-1:30,74,1687
338,male,Wednesday,no,yes,no,12:30-1:30,77,1740
339,male,Wednesday,no,yes,no,12:30-1:30,73,1659
340,male,Wednesday,no,yes,no,12:30-1:30,77,1743
341,male,Wednesday,no,yes,no,12:30-1:30,72,1651
342,male,Wednesday,no,yes,no,12:30-1:30,74,1692
343,male,Wednesday,no,yes,no,12:30-1:30,77,1735
344,male,Wednesday,no,yes,no,12:30-1:30,73,1666
345,male,Wednesday,no,no,yes,12:30-1:30,13,2001
346,male,Wednesday,no,no,yes,12:30-1:30,13,1969
347,male,Wednesday,no,no,yes,12:30-1:30,13,1991
348,male,Wednesday,no,no,yes,12:30-1:30,12,1935
349,male,Wednesday,no,no,yes,12:30-1:30,12,1956
350,male,Wednesday,no,no,yes,12:30-1:30,13,1989
351,male,Wednesday,no,no,yes,12:30-1:30,13,1974
352,male,Wednesday,no,no,yes,12:30-1:30,13,2000
353,male,Wednesday,no,no,yes,12:30-1:30,14,2012
354,male,Wednesday,no,no,yes,12:30-1:30,12,1947
355,male,Wednesday,yes,no,no,1:30-2:30,37,767
356,male,Wednesday,yes,no,no,1:30-2:30,39,784
357,male,Wednesday,yes,no,no,1:30-2:30,37,765
358,male,Wednesday,yes,no,no,1:30-2:30,39,781
359,male,Wednesday,yes,no,no,1:30-2:30,39,784
360,male,Wednesday,yes,no,no,1:30-2:30,36,762
361,male,Wednesday,yes,no,no,1:30-2:30,37,768
362,male,Wednesday,yes,no,no,1:30-2:30,35,755
363,male,Wednesday,yes,no,no,1:30-2:30,37,769
364,male,Wednesday,yes,no,no,1:30-2:30,34,744
365,male,Wednesday,no,yes,no,1:30-2:30,19,656
366,male,Wednesday,no,yes,no,1:30-2:30,18,646
367,male,Wednesday,no,yes,no,1:30-2:30,20,667
368,male,Wednesday,no,yes,no,1:30-2:30,22,680
369,male,Wednesday,no,yes,no,1:30-2:30,22,676
370,male,Wednesday,no,yes,no,1:30-2:30,21,670
371,male,Wednesday,no,yes,no,1:30-2:30,20,662
372,male,Wednesday,no,yes,no,1:30-2:30,17,641
373,male,Wednesday,no,yes,no,1:30-2:30,18,651
374,male,Wednesday,no,yes,no,1:30-2:30,17,639
375,male,Wednesday,no,yes,no,1:30-2:30,74,607
376,male,Wednesday,no,yes,no,1:30-2:30,76,621
377,male,Wednesday,no,yes,no,1:30-2:30,77,626
378,male,Wednesday,no,yes,no,1:30-2:30,77,627
379,male,Wednesday,no,yes,no,1:30-2:30,72,591
380,male,Wednesday,no,yes,no,1:30-2:30,76,623
381,male,Wednesday,no,yes,no,1:30-2:30,77,625
382,male,Wednesday,no,yes,no,1:30-2:30,76,622
383,male,Wednesday,no,yes,no,1:30-2:30,72,591
384,male,Wednesday,no,yes,no,1:30-2:30,75,610
385,male,Wednesday,no,no,yes,1:30-2:30,12,698
386,male,Wednesday,no,no,yes,1:30-2:30,12,700
387,male,Wednesday,no,no,yes,1:30-2:30,13,716
388,male,Wednesday,no,no,yes,1:30-2:30,13,707
389,male,Wednesday,no,no,yes,1:30-2:30,12,704
390,male,Wednesday,no,no,yes,1:30-2:30,13,711
391,male,Wednesday,no,no,yes,1:30-2:30,13,715
392,male,Wednesday,no,no,yes,1:30-2:30,14,726
393,male,Wednesday,no,no,yes,1:30-2:30,12,702
394,male,Wednesday,no,no,yes,1:30-2:30,13,718
395,female,Wednesday,yes,no,no,12:30-1:30,50,2388
396,female,Wednesday,yes,no,no,12:30-1:30,51,2431
397,female,Wednesday,yes,no,no,12:30-1:30,48,2298
398,female,Wednesday,yes,no,no,12:30-1:30,47,2251
399,female,Wednesday,yes,no,no,12:30-1:30,49,2352
400,female,Wednesday,yes,no,no,12:30-1:30,51,2448
401,female,Wednesday,yes,no,no,12:30-1:30,51,2414
402,female,Wednesday,yes,no,no,12:30-1:30,51,2440
403,female,Wednesday,yes,no,no,12:30-1:30,51,2434
404,female,Wednesday,yes,no,no,12:30-1:30,51,2415
405,female,Wednesday,yes,no,no,12:30-1:30,47,2272
406,female,Wednesday,yes,no,no,12:30-1:30,46,2241
407,female,Wednesday,yes,no,no,12:30-1:30,51,2420
408,female,Wednesday,yes,no,no,12:30-1:30,50,2406
409,female,Wednesday,yes,no,no,12:30-1:30,47,2277
410,female,Wednesday,yes,no,no,12:30-1:30,49,2332
411,female,Wednesday,yes,no,no,12:30-1:30,48,2324
412,female,Wednesday,yes,no,no,12:30-1:30,47,2269
413,female,Wednesday,yes,no,no,12:30-1:30,50,2395
414,female,Wednesday,yes,no,no,12:30-1:30,49,2353
415,female,Wednesday,yes,no,no,12:30-1:30,49,2334
416,female,Wednesday,yes,no,no,12:30-1:30,49,2344
417,female,Wednesday,yes,no,no,12:30-1:30,47,2280
418,female,Wednesday,yes,no,no,12:30-1:30,49,2364
419,female,Wednesday,yes,no,no,12:30-1:30,46,2243
420,female,Wednesday,yes,no,no,12:30-1:30,50,2397
421,female,Wednesday,yes,no,no,12:30-1:30,50,2378
422,female,Wednesday,yes,no,no,12:30-1:30,48,2291
423,female,Wednesday,yes,no,no,12:30-1:30,48,2313
424,female,Wednesday,yes,no,no,12:30-1:30,48,2308
425,female,Wednesday,yes,no,no,12:30-1:30,47,2279
426,female,Wednesday,yes,no,no,12:30-1:30,51,2444
427,female,Wednesday,yes,no,no,12:30-1:30,47,2270
428,female,Wednesday,yes,no,no,12:30-1:30,50,2400
429,female,Wednesday,yes,no,no,12:30-1:30,48,2304
430,female,Wednesday,yes,no,no,12:30-1:30,50,2382
431,female,Wednesday,yes,no,no,12:30-1:30,47,2255
432,female,Wednesday,yes,no,no,12:30-1:30,47,2260
433,female,Wednesday,yes,no,no,12:30-1:30,50,2387
434,female,Wednesday,yes,no,no,12:30-1:30,50,2393
435,female,Wednesday,yes,no,no,12:30-1:30,50,2373
436,female,Wednesday,yes,no,no,12:30-1:30,51,2411
437,female,Wednesday,yes,no,no,12:30-1:30,49,2338
438,female,Wednesday,yes,no,no,12:30-1:30,46,2244
439,female,Wednesday,yes,no,no,12:30-1:30,50,2390
440,female,Wednesday,yes,no,no,12:30-1:30,50,2377
441,female,Wednesday,yes,no,no,12:30-1:30,48,2324
442,female,Wednesday,yes,no,no,12:30-1:30,47,2268
443,female,Wednesday,yes,no,no,12:30-1:30,51,2446
444,female,Wednesday,yes,no,no,1:30-2:30,50,859
445,female,Wednesday,yes,no,no,1:30-2:30,50,857
446,female,Wednesday,yes,no,no,1:30-2:30,47,811
447,female,Wednesday,yes,no,no,1:30-2:30,48,826
448,female,Wednesday,yes,no,no,1:30-2:30,48,831
449,female,Wednesday,yes,no,no,1:30-2:30,51,869
450,female,Wednesday,yes,no,no,1:30-2:30,49,839
451,female,Wednesday,yes,no,no,1:30-2:30,51,872
452,female,Wednesday,yes,no,no,1:30-2:30,48,832
453,female,Wednesday,yes,no,no,1:30-2:30,46,799
454,female,Wednesday,yes,no,no,1:30-2:30,47,820
455,female,Wednesday,yes,no,no,1:30-2:30,48,830
456,female,Wednesday,yes,no,no,1:30-2:30,46,800
457,female,Wednesday,yes,no,no,1:30-2:30,47,821
458,female,Wednesday,yes,no,no,1:30-2:30,46,800
459,female,Wednesday,yes,no,no,1:30-2:30,51,878
460,female,Wednesday,yes,no,no,1:30-2:30,48,826
461,female,Wednesday,yes,no,no,1:30-2:30,50,856
462,female,Wednesday,yes,no,no,1:30-2:30,49,848
463,female,Wednesday,yes,no,no,1:30-2:30,50,854
464,female,Wednesday,yes,no,no,1:30-2:30,46,805
465,female,Wednesday,yes,no,no,1:30-2:30,48,829
466,female,Wednesday,yes,no,no,1:30-2:30,48,830
467,female,Wednesday,yes,no,no,1:30-2:30,50,852
468,female,Wednesday,yes,no,no,1:30-2:30,49,842
469,female,Wednesday,yes,no,no,1:30-2:30,51,877
470,female,Wednesday,yes,no,no,1:30-2:30,50,863
471,female,Wednesday,yes,no,no,1:30-2:30,51,869
472,female,Wednesday,yes,no,no,1:30-2:30,46,797
473,female,Wednesday,yes,no,no,1:30-2:30,47,819
474,female,Wednesday,yes,no,no,1:30-2:30,49,840
475,female,Wednesday,yes,no,no,1:30-2:30,50,858
476,female,Wednesday,yes,no,no,1:30-2:30,50,860
477,female,Wednesday,yes,no,no,1:30-2:30,49,839
478,female,Wednesday,yes,no,no,1:30-2:30,49,843
479,female,Wednesday,yes,no,no,1:30-2:30,49,850
480,female,Wednesday,yes,no,no,1:30-2:30,47,819
481,female,Wednesday,yes,no,no,1:30-2:30,51,868
482,female,Wednesday,yes,no,no,1:30-2:30,46,800
483,female,Wednesday,yes,no,no,1:30-2:30,48,825
484,female,Wednesday,yes,no,no,1:30-2:30,49,843
485,female,Wednesday,yes,no,no,1:30-2:30,51,881
486,female,Wednesday,yes,no,no,1:30-2:30,47,822
487,female,Wednesday,yes,no,no,1:30-2:30,48,826
488,female,Wednesday,yes,no,no,1:30-2:30,49,849
489,female,Wednesday,yes,no,no,1:30-2:30,47,819
490,female,Wednesday,yes,no,no,1:30-2:30,49,842
491,female,Wednesday,yes,no,no,1:30-2:30,47,817
492,female,Wednesday,yes,no,no,1:30-2:30,49,850
493,female,Wednesday,yes,no,no,1:30-2:30,51,877
494,male,Thursday,yes,no,no,12:30-1:30,36,2122
495,male,Thursday,yes,no,no,12:30-1:30,36,2121
496,male,Thursday,yes,no,no,12:30-1:30,37,2128
497,male,Thursday,yes,no,no,12:30-1:30,36,2126
498,male,Thursday,yes,no,no,12:30-1:30,35,2102
499,male,Thursday,yes,no,no,12:30-1:30,34,2077
500,male,Thursday,yes,no,no,12:30-1:30,39,2177
501,male,Thursday,yes,no,no,12:30-1:30,36,2123
502,male,Thursday,yes,no,no,12:30-1:30,36,2108
503,male,Thursday,no,yes,no,12:30-1:30,17,1781
504,male,Thursday,no,yes,no,12:30-1:30,19,1829
505,male,Thursday,no,yes,no,12:30-1:30,17,1798
506,male,Thursday,no,yes,no,12:30-1:30,20,1842
507,male,Thursday,no,yes,no,12:30-1:30,21,1863
508,male,Thursday,no,yes,no,12:30-1:30,19,1819
509,male,Thursday,no,yes,no,12:30-1:30,17,1782
510,male,Thursday,no,yes,no,12:30-1:30,19,1824
511,male,Thursday,no,yes,no,12:30-1:30,20,1857
512,male,Thursday,no,yes,no,12:30-1:30,17,1786
513,male,Thursday,no,yes,no,12:30-1:30,76,1718
514,male,Thursday,no,yes,no,12:30-1:30,72,1652
515,male,Thursday,no,yes,no,12:30-1:30,75,1694
516,male,Thursday,no,yes,no,12:30-1:30,73,1664
517,male,Thursday,no,yes,no,12:30-1:30,74,1682
518,male,Thursday,no,yes,no,12:30-1:30,72,1652
519,male,Thursday,no,yes,no,12:30-1:30,76,1714
520,male,Thursday,no,yes,no,12:30-1:30,74,1681
521,male,Thursday,no,yes,no,12:30-1:30,72,1639
522,male,Thursday,no,yes,no,12:30-1:30,76,1714
523,male,Thursday,no,no,yes,12:30-1:30,13,1965
524,male,Thursday,no,no,yes,12:30-1:30,13,1987
525,male,Thursday,no,no,yes,12:30-1:30,13,1979
526,male,Thursday,no,no,yes,12:30-1:30,14,2040
527,male,Thursday,no,no,yes,12:30-1:30,13,1964
528,male,Thursday,no,no,yes,12:30-1:30,12,1929
529,male,Thursday,no,no,yes,12:30-1:30,12,1953
530,male,Thursday,no,no,yes,12:30-1:30,12,1949
531,male,Thursday,no,no,yes,12:30-1:30,14,2033
532,male,Thursday,no,no,yes,12:30-1:30,12,1934
533,male,Thursday,yes,no,no,1:30-2:30,38,778
534,male,Thursday,yes,no,no,1:30-2:30,39,784
535,male,Thursday,yes,no,no,1:30-2:30,38,774
536,male,Thursday,yes,no,no,1:30-2:30,37,769
537,male,Thursday,yes,no,no,1:30-2:30,35,751
538,male,Thursday,yes,no,no,1:30-2:30,37,765
539,male,Thursday,yes,no,no,1:30-2:30,35,753
540,male,Thursday,yes,no,no,1:30-2:30,39,781
541,male,Thursday,yes,no,no,1:30-2:30,34,747
542,male,Thursday,yes,no,no,1:30-2:30,39,786
543,male,Thursday,no,yes,no,1:30-2:30,20,666
544,male,Thursday,no,yes,no,1:30-2:30,19,655
545,male,Thursday,no,yes,no,1:30-2:30,19,659
546,male,Thursday,no,yes,no,1:30-2:30,19,657
547,male,Thursday,no,yes,no,1:30-2:30,18,649
548,male,Thursday,no,yes,no,1:30-2:30,19,656
549,male,Thursday,no,yes,no,1:30-2:30,22,679
550,male,Thursday,no,yes,no,1:30-2:30,19,654
551,male,Thursday,no,yes,no,1:30-2:30,17,640
552,male,Thursday,no,yes,no,1:30-2:30,21,673
553,male,Thursday,no,yes,no,1:30-2:30,72,588
554,male,Thursday,no,yes,no,1:30-2:30,72,592
555,male,Thursday,no,yes,no,1:30-2:30,74,607
556,male,Thursday,no,yes,no,1:30-2:30,75,614
557,male,Thursday,no,yes,no,1:30-2:30,77,624
558,male,Thursday,no,yes,no,1:30-2:30,74,605
559,male,Thursday,no,yes,no,1:30-2:30,73,597
560,male,Thursday,no,yes,no,1:30-2:30,77,627
561,male,Thursday,no,yes,no,1:30-2:30,75,611
562,male,Thursday,no,yes,no,1:30-2:30,73,597
563,male,Thursday,no,no,yes,1:30-2:30,13,719
564,male,Thursday,no,no,yes,1:30-2:30,13,707
565,male,Thursday,no,no,yes,1:30-2:30,12,699
566,male,Thursday,no,no,yes,1:30-2:30,13,717
567,male,Thursday,no,no,yes,1:30-2:30,14,732
568,male,Thursday,no,no,yes,1:30-2:30,12,696
569,male,Thursday,no,no,yes,1:30-2:30,14,726
570,male,Thursday,no,no,yes,1:30-2:30,12,697
571,male,Thursday,no,no,yes,1:30-2:30,12,694
572,male,Thursday,no,no,yes,1:30-2:30,13,705
573,female,Thursday,yes,no,no,12:30-1:30,36,1909
574,female,Thursday,yes,no,no,12:30-1:30,36,1908
575,female,Thursday,yes,no,no,12:30-1:30,37,1915
576,female,Thursday,yes,no,no,12:30-1:30,36,1913
577,female,Thursday,yes,no,no,12:30-1:30,35,1891
578,female,Thursday,yes,no,no,12:30-1:30,34,1869
579,female,Thursday,yes,no,no,12:30-1:30,39,1959
580,female,Thursday,yes,no,no,12:30-1:30,36,1910
581,female,Thursday,yes,no,no,12:30-1:30,36,1897
582,female,Thursday,no,yes,no,12:30-1:30,17,1602
583,female,Thursday,no,yes,no,12:30-1:30,19,1646
584,female,Thursday,no,yes,no,12:30-1:30,17,1618
585,female,Thursday,no,yes,no,12:30-1:30,20,1657
586,female,Thursday,no,yes,no,12:30-1:30,21,1676
587,female,Thursday,no,yes,no,12:30-1:30,19,1637
588,female,Thursday,no,yes,no,12:30-1:30,17,1603
589,female,Thursday,no,yes,no,12:30-1:30,19,1641
590,female,Thursday,no,yes,no,12:30-1:30,20,1671
591,female,Thursday,no,yes,no,12:30-1:30,17,1607
592,female,Thursday,no,yes,no,12:30-1:30,76,1546
593,female,Thursday,no,yes,no,12:30-1:30,72,1486
594,female,Thursday,no,yes,no,12:30-1:30,75,1524
595,female,Thursday,no,yes,no,12:30-1:30,73,1497
596,female,Thursday,no,yes,no,12:30-1:30,74,1513
597,female,Thursday,no,yes,no,12:30-1:30,72,1486
598,female,Thursday,no,yes,no,12:30-1:30,76,1542
599,female,Thursday,no,yes,no,12:30-1:30,74,1512
600,female,Thursday,no,yes,no,12:30-1:30,72,1475
601,female,Thursday,no,yes,no,12:30-1:30,76,1542
602,female,Thursday,no,no,yes,12:30-1:30,13,1768
603,female,Thursday,no,no,yes,12:30-1:30,13,1788
604,female,Thursday,no,no,yes,12:30-1:30,13,1781
605,female,Thursday,no,no,yes,12:30-1:30,14,1836
606,female,Thursday,no,no,yes,12:30-1:30,13,1767
607,female,Thursday,no,no,yes,12:30-1:30,12,1736
608,female,Thursday,no,no,yes,12:30-1:30,12,1757
609,female,Thursday,no,no,yes,12:30-1:30,12,1754
610,female,Thursday,no,no,yes,12:30-1:30,14,1829
611,female,Thursday,no,no,yes,12:30-1:30,12,1740
612,female,Thursday,yes,no,no,1:30-2:30,38,700
613,female,Thursday,yes,no,no,1:30-2:30,39,705
614,female,Thursday,yes,no,no,1:30-2:30,38,696
615,female,Thursday,yes,no,no,1:30-2:30,37,692
616,female,Thursday,yes,no,no,1:30-2:30,35,675
617,female,Thursday,yes,no,no,1:30-2:30,37,688
618,female,Thursday,yes,no,no,1:30-2:30,35,677
619,female,Thursday,yes,no,no,1:30-2:30,39,702
620,female,Thursday,yes,no,no,1:30-2:30,34,672
621,female,Thursday,yes,no,no,1:30-2:30,39,707
622,female,Thursday,no,yes,no,1:30-2:30,20,599
623,female,Thursday,no,yes,no,1:30-2:30,19,589
624,female,Thursday,no,yes,no,1:30-2:30,19,593
625,female,Thursday,no,yes,no,1:30-2:30,19,591
626,female,Thursday,no,yes,no,1:30-2:30,18,584
627,female,Thursday,no,yes,no,1:30-2:30,19,590
628,female,Thursday,no,yes,no,1:30-2:30,22,611
629,female,Thursday,no,yes,no,1:30-2:30,19,588
630,female,Thursday,no,yes,no,1:30-2:30,17,576
631,female,Thursday,no,yes,no,1:30-2:30,21,605
632,female,Thursday,no,yes,no,1:30-2:30,72,529
633,female,Thursday,no,yes,no,1:30-2:30,72,532
634,female,Thursday,no,yes,no,1:30-2:30,74,546
635,female,Thursday,no,yes,no,1:30-2:30,75,552
636,female,Thursday,no,yes,no,1:30-2:30,77,561
637,female,Thursday,no,yes,no,1:30-2:30,74,544
638,female,Thursday,no,yes,no,1:30-2:30,73,537
639,female,Thursday,no,yes,no,1:30-2:30,77,564
640,female,Thursday,no,yes,no,1:30-2:30,75,549
641,female,Thursday,no,yes,no,1:30-2:30,73,537
642,female,Thursday,no,no,yes,1:30-2:30,13,647
643,female,Thursday,no,no,yes,1:30-2:30,13,636
644,female,Thursday,no,no,yes,1:30-2:30,12,629
645,female,Thursday,no,no,yes,1:30-2:30,13,645
646,female,Thursday,no,no,yes,1:30-2:30,14,658
647,female,Thursday,no,no,yes,1:30-2:30,12,626
648,female,Thursday,no,no,yes,1:30-2:30,14,653
649,female,Thursday,no,no,yes,1:30-2:30,12,627
650,female,Thursday,no,no,yes,1:30-2:30,12,624
651,female,Thursday,no,no,yes,1:30-2:30,13,634
652,male,Friday,yes,no,no,12:30-1:30,46,2222
653,male,Friday,yes,no,no,12:30-1:30,47,2270
654,male,Friday,yes,no,no,12:30-1:30,50,2397
655,male,Friday,yes,no,no,12:30-1:30,51,2419
656,male,Friday,yes,no,no,12:30-1:30,51,2439
657,male,Friday,yes,no,no,12:30-1:30,48,2328
658,male,Friday,yes,no,no,12:30-1:30,51,2441
659,male,Friday,yes,no,no,12:30-1:30,49,2359
660,male,Friday,yes,no,no,12:30-1:30,47,2288
661,male,Friday,yes,no,no,12:30-1:30,47,2287
662,male,Friday,yes,no,no,12:30-1:30,47,2257
663,male,Friday,yes,no,no,12:30-1:30,49,2350
664,male,Friday,yes,no,no,12:30-1:30,47,2254
665,male,Friday,yes,no,no,12:30-1:30,49,2361
666,male,Friday,yes,no,no,12:30-1:30,48,2330
667,male,Friday,yes,no,no,12:30-1:30,51,2420
668,male,Friday,yes,no,no,12:30-1:30,51,2416
669,male,Friday,yes,no,no,12:30-1:30,49,2351
670,male,Friday,yes,no,no,12:30-1:30,49,2336
671,male,Friday,yes,no,no,12:30-1:30,50,2398
672,male,Friday,yes,no,no,12:30-1:30,49,2357
673,male,Friday,yes,no,no,12:30-1:30,49,2369
674,male,Friday,yes,no,no,12:30-1:30,47,2280
675,male,Friday,yes,no,no,12:30-1:30,49,2345
676,male,Friday,yes,no,no,12:30-1:30,50,2407
677,male,Friday,yes,no,no,12:30-1:30,50,2403
678,male,Friday,yes,no,no,12:30-1:30,48,2305
679,male,Friday,yes,no,no,12:30-1:30,49,2332
680,male,Friday,yes,no,no,12:30-1:30,48,2299
681,male,Friday,yes,no,no,12:30-1:30,47,2289
682,male,Friday,yes,no,no,12:30-1:30,50,2398
683,male,Friday,yes,no,no,12:30-1:30,49,2349
684,male,Friday,yes,no,no,12:30-1:30,47,2271
685,male,Friday,yes,no,no,12:30-1:30,51,2436
686,male,Friday,yes,no,no,12:30-1:30,46,2243
687,male,Friday,yes,no,no,12:30-1:30,47,2267
688,male,Friday,yes,no,no,12:30-1:30,51,2435
689,male,Friday,yes,no,no,12:30-1:30,46,2239
690,male,Friday,yes,no,no,12:30-1:30,46,2225
691,male,Friday,yes,no,no,12:30-1:30,49,2353
692,male,Friday,yes,no,no,12:30-1:30,47,2278
693,male,Friday,yes,no,no,12:30-1:30,49,2331
694,male,Friday,yes,no,no,12:30-1:30,46,2228
695,male,Friday,yes,no,no,12:30-1:30,50,2391
696,male,Friday,yes,no,no,12:30-1:30,49,2340
697,male,Friday,yes,no,no,12:30-1:30,49,2369
698,male,Friday,yes,no,no,12:30-1:30,49,2354
699,male,Friday,yes,no,no,12:30-1:30,48,2299
700,male,Friday,yes,no,no,12:30-1:30,49,2342
701,male,Friday,yes,no,no,1:30-2:30,48,825
702,male,Friday,yes,no,no,1:30-2:30,50,859
703,male,Friday,yes,no,no,1:30-2:30,50,859
704,male,Friday,yes,no,no,1:30-2:30,48,828
705,male,Friday,yes,no,no,1:30-2:30,49,846
706,male,Friday,yes,no,no,1:30-2:30,48,825
707,male,Friday,yes,no,no,1:30-2:30,46,798
708,male,Friday,yes,no,no,1:30-2:30,51,871
709,male,Friday,yes,no,no,1:30-2:30,48,829
710,male,Friday,yes,no,no,1:30-2:30,47,817
711,male,Friday,yes,no,no,1:30-2:30,47,818
712,male,Friday,yes,no,no,1:30-2:30,46,808
713,male,Friday,yes,no,no,1:30-2:30,47,814
714,male,Friday,yes,no,no,1:30-2:30,50,863
715,male,Friday,yes,no,no,1:30-2:30,46,801
716,male,Friday,yes,no,no,1:30-2:30,50,855
717,male,Friday,yes,no,no,1:30-2:30,46,803
718,male,Friday,yes,no,no,1:30-2:30,50,863
719,male,Friday,yes,no,no,1:30-2:30,50,861
720,male,Friday,yes,no,no,1:30-2:30,46,803
721,male,Friday,yes,no,no,1:30-2:30,48,834
722,male,Friday,yes,no,no,1:30-2:30,50,853
723,male,Friday,yes,no,no,1:30-2:30,51,872
724,male,Friday,yes,no,no,1:30-2:30,48,833
725,male,Friday,yes,no,no,1:30-2:30,47,816
726,male,Friday,yes,no,no,1:30-2:30,47,822
727,male,Friday,yes,no,no,1:30-2:30,47,818
728,male,Friday,yes,no,no,1:30-2:30,51,868
729,male,Friday,yes,no,no,1:30-2:30,46,801
730,male,Friday,yes,no,no,1:30-2:30,46,798
731,male,Friday,yes,no,no,1:30-2:30,46,802
732,male,Friday,yes,no,no,1:30-2:30,47,811
733,male,Friday,yes,no,no,1:30-2:30,46,806
734,male,Friday,yes,no,no,1:30-2:30,48,837
735,male,Friday,yes,no,no,1:30-2:30,48,833
736,male,Friday,yes,no,no,1:30-2:30,47,819
737,male,Friday,yes,no,no,1:30-2:30,46,797
738,male,Friday,yes,no,no,1:30-2:30,46,796
739,male,Friday,yes,no,no,1:30-2:30,50,856
740,male,Friday,yes,no,no,1:30-2:30,48,826
741,male,Friday,yes,no,no,1:30-2:30,50,855
742,male,Friday,yes,no,no,1:30-2:30,47,812
743,male,Friday,yes,no,no,1:30-2:30,48,833
744,male,Friday,yes,no,no,1:30-2:30,46,803
745,male,Friday,yes,no,no,1:30-2:30,50,856
746,male,Friday,yes,no,no,1:30-2:30,50,862
747,male,Friday,yes,no,no,1:30-2:30,50,863
748,male,Friday,yes,no,no,1:30-2:30,49,842
749,male,Friday,yes,no,no,1:30-2:30,51,870
750,male,Friday,yes,no,no,1:30-2:30,49,845
751,female,Friday,yes,no,no,12:30-1:30,35,2099
752,female,Friday,yes,no,no,12:30-1:30,38,2159
753,female,Friday,yes,no,no,12:30-1:30,37,2143
754,female,Friday,yes,no,no,12:30-1:30,35,2096
755,female,Friday,yes,no,no,12:30-1:30,36,2115
756,female,Friday,yes,no,no,12:30-1:30,35,2104
757,female,Friday,yes,no,no,12:30-1:30,39,2175
758,female,Friday,yes,no,no,12:30-1:30,36,2113
759,female,Friday,yes,no,no,12:30-1:30,38,2148
760,female,Friday,no,yes,no,12:30-1:30,22,1878
761,female,Friday,no,yes,no,12:30-1:30,19,1828
762,female,Friday,no,yes,no,12:30-1:30,17,1795
763,female,Friday,no,yes,no,12:30-1:30,17,1790
764,female,Friday,no,yes,no,12:30-1:30,17,1791
765,female,Friday,no,yes,no,12:30-1:30,17,1795
766,female,Friday,no,yes,no,12:30-1:30,17,1781
767,female,Friday,no,yes,no,12:30-1:30,22,1892
768,female,Friday,no,yes,no,12:30-1:30,17,1784
769,female,Friday,no,yes,no,12:30-1:30,21,1863
770,female,Friday,no,yes,no,12:30-1:30,76,1717
771,female,Friday,no,yes,no,12:30-1:30,74,1676
772,female,Friday,no,yes,no,12:30-1:30,74,1692
773,female,Friday,no,yes,no,12:30-1:30,72,1650
774,female,Friday,no,yes,no,12:30-1:30,73,1654
775,female,Friday,no,yes,no,12:30-1:30,74,1688
776,female,Friday,no,yes,no,12:30-1:30,72,1653
777,female,Friday,no,yes,no,12:30-1:30,75,1696
778,female,Friday,no,yes,no,12:30-1:30,77,1734
779,female,Friday,no,yes,no,12:30-1:30,72,1638
780,female,Friday,no,no,yes,12:30-1:30,14,2019
781,female,Friday,no,no,yes,12:30-1:30,14,2013
782,female,Friday,no,no,yes,12:30-1:30,12,1957
783,female,Friday,no,no,yes,12:30-1:30,12,1932
784,female,Friday,no,no,yes,12:30-1:30,12,1926
785,female,Friday,no,no,yes,12:30-1:30,14,2026
786,female,Friday,no,no,yes,12:30-1:30,14,2030
787,female,Friday,no,no,yes,12:30-1:30,12,1937
788,female,Friday,no,no,yes,12:30-1:30,13,1986
789,female,Friday,no,no,yes,12:30-1:30,13,2002
790,female,Friday,yes,no,no,1:30-2:30,36,764
791,female,Friday,yes,no,no,1:30-2:30,38,774
792,female,Friday,yes,no,no,1:30-2:30,35,757
793,female,Friday,yes,no,no,1:30-2:30,34,749
794,female,Friday,yes,no,no,1:30-2:30,35,751
795,female,Friday,yes,no,no,1:30-2:30,39,781
796,female,Friday,yes,no,no,1:30-2:30,38,772
797,female,Friday,yes,no,no,1:30-2:30,35,756
798,female,Friday,yes,no,no,1:30-2:30,38,778
799,female,Friday,yes,no,no,1:30-2:30,35,750
800,female,Friday,no,yes,no,1:30-2:30,21,671
801,female,Friday,no,yes,no,1:30-2:30,22,680
802,female,Friday,no,yes,no,1:30-2:30,20,661
803,female,Friday,no,yes,no,1:30-2:30,18,647
804,female,Friday,no,yes,no,1:30-2:30,22,675
805,female,Friday,no,yes,no,1:30-2:30,21,674
806,female,Friday,no,yes,no,1:30-2:30,22,675
807,female,Friday,no,yes,no,1:30-2:30,17,639
808,female,Friday,no,yes,no,1:30-2:30,21,675
809,female,Friday,no,yes,no,1:30-2:30,19,658
810,female,Friday,no,yes,no,1:30-2:30,73,598
811,female,Friday,no,yes,no,1:30-2:30,76,620
812,female,Friday,no,yes,no,1:30-2:30,72,591
813,female,Friday,no,yes,no,1:30-2:30,74,605
814,female,Friday,no,yes,no,1:30-2:30,72,588
815,female,Friday,no,yes,no,1:30-2:30,76,620
816,female,Friday,no,yes,no,1:30-2:30,75,611
817,female,Friday,no,yes,no,1:30-2:30,75,613
818,female,Friday,no,yes,no,1:30-2:30,77,626
819,female,Friday,no,yes,no,1:30-2:30,77,630
820,female,Friday,no,no,yes,1:30-2:30,14,731
821,female,Friday,no,no,yes,1:30-2:30,14,733
822,female,Friday,no,no,yes,1:30-2:30,14,723
823,female,Friday,no,no,yes,1:30-2:30,14,721
824,female,Friday,no,no,yes,1:30-2:30,12,702
825,female,Friday,no,no,yes,1:30-2:30,13,710
826,female,Friday,no,no,yes,1:30-2:30,13,710
827,female,Friday,no,no,yes,1:30-2:30,12,699
828,female,Friday,no,no,yes,1:30-2:30,12,703
829,female,Friday,no,no,yes,1:30-2:30,13,706
830,male,Saturday,yes,no,no,12:30-1:30,36,1994
831,male,Saturday,yes,no,no,12:30-1:30,36,1993
832,male,Saturday,yes,no,no,12:30-1:30,37,2000
833,male,Saturday,yes,no,no,12:30-1:30,36,1998
834,male,Saturday,yes,no,no,12:30-1:30,35,1975
835,male,Saturday,yes,no,no,12:30-1:30,34,1952
836,male,Saturday,yes,no,no,12:30-1:30,39,2046
837,male,Saturday,yes,no,no,12:30-1:30,36,1995
838,male,Saturday,yes,no,no,12:30-1:30,36,1981
839,male,Saturday,no,yes,no,12:30-1:30,17,1674
840,male,Saturday,no,yes,no,12:30-1:30,19,1719
841,male,Saturday,no,yes,no,12:30-1:30,17,1690
842,male,Saturday,no,yes,no,12:30-1:30,20,1731
843,male,Saturday,no,yes,no,12:30-1:30,21,1751
844,male,Saturday,no,yes,no,12:30-1:30,19,1709
845,male,Saturday,no,yes,no,12:30-1:30,17,1675
846,male,Saturday,no,yes,no,12:30-1:30,19,1714
847,male,Saturday,no,yes,no,12:30-1:30,20,1745
848,male,Saturday,no,yes,no,12:30-1:30,17,1678
849,male,Saturday,no,yes,no,12:30-1:30,76,1614
850,male,Saturday,no,yes,no,12:30-1:30,72,1552
851,male,Saturday,no,yes,no,12:30-1:30,75,1592
852,male,Saturday,no,yes,no,12:30-1:30,73,1564
853,male,Saturday,no,yes,no,12:30-1:30,74,1581
854,male,Saturday,no,yes,no,12:30-1:30,72,1552
855,male,Saturday,no,yes,no,12:30-1:30,76,1611
856,male,Saturday,no,yes,no,12:30-1:30,74,1580
857,male,Saturday,no,yes,no,12:30-1:30,72,1540
858,male,Saturday,no,yes,no,12:30-1:30,76,1611
859,male,Saturday,no,no,yes,12:30-1:30,13,1847
860,male,Saturday,no,no,yes,12:30-1:30,13,1867
861,male,Saturday,no,no,yes,12:30-1:30,13,1860
862,male,Saturday,no,no,yes,12:30-1:30,14,1917
863,male,Saturday,no,no,yes,12:30-1:30,13,1846
864,male,Saturday,no,no,yes,12:30-1:30,12,1813
865,male,Saturday,no,no,yes,12:30-1:30,12,1835
866,male,Saturday,no,no,yes,12:30-1:30,12,1832
867,male,Saturday,no,no,yes,12:30-1:30,14,1911
868,male,Saturday,no,no,yes,12:30-1:30,12,1817
869,male,Saturday,yes,no,no,1:30-2:30,38,731
870,male,Saturday,yes,no,no,1:30-2:30,39,736
871,male,Saturday,yes,no,no,1:30-2:30,38,727
872,male,Saturday,yes,no,no,1:30-2:30,37,722
873,male,Saturday,yes,no,no,1:30-2:30,35,705
874,male,Saturday,yes,no,no,1:30-2:30,37,719
875,male,Saturday,yes,no,no,1:30-2:30,35,707
876,male,Saturday,yes,no,no,1:30-2:30,39,734
877,male,Saturday,yes,no,no,1:30-2:30,34,702
878,male,Saturday,yes,no,no,1:30-2:30,39,738
879,male,Saturday,no,yes,no,1:30-2:30,20,626
880,male,Saturday,no,yes,no,1:30-2:30,19,615
881,male,Saturday,no,yes,no,1:30-2:30,19,619
882,male,Saturday,no,yes,no,1:30-2:30,19,617
883,male,Saturday,no,yes,no,1:30-2:30,18,610
884,male,Saturday,no,yes,no,1:30-2:30,19,616
885,male,Saturday,no,yes,no,1:30-2:30,22,638
886,male,Saturday,no,yes,no,1:30-2:30,19,614
887,male,Saturday,no,yes,no,1:30-2:30,17,601
888,male,Saturday,no,yes,no,1:30-2:30,21,632
889,male,Saturday,no,yes,no,1:30-2:30,72,552
890,male,Saturday,no,yes,no,1:30-2:30,72,556
891,male,Saturday,no,yes,no,1:30-2:30,74,570
892,male,Saturday,no,yes,no,1:30-2:30,75,577
893,male,Saturday,no,yes,no,1:30-2:30,77,586
894,male,Saturday,no,yes,no,1:30-2:30,74,568
895,male,Saturday,no,yes,no,1:30-2:30,73,561
896,male,Saturday,no,yes,no,1:30-2:30,77,589
897,male,Saturday,no,yes,no,1:30-2:30,75,574
898,male,Saturday,no,yes,no,1:30-2:30,73,561
899,male,Saturday,no,no,yes,1:30-2:30,13,675
900,male,Saturday,no,no,yes,1:30-2:30,13,664
901,male,Saturday,no,no,yes,1:30-2:30,12,657
902,male,Saturday,no,no,yes,1:30-2:30,13,673
903,male,Saturday,no,no,yes,1:30-2:30,14,688
904,male,Saturday,no,no,yes,1:30-2:30,12,654
905,male,Saturday,no,no,yes,1:30-2:30,14,682
906,male,Saturday,no,no,yes,1:30-2:30,12,655
907,male,Saturday,no,no,yes,1:30-2:30,12,652
908,male,Saturday,no,no,yes,1:30-2:30,13,662
909,female,Saturday,yes,no,no,12:30-1:30,36,1794
910,female,Saturday,yes,no,no,12:30-1:30,36,1793
911,female,Saturday,yes,no,no,12:30-1:30,37,1800
912,female,Saturday,yes,no,no,12:30-1:30,36,1798
913,female,Saturday,yes,no,no,12:30-1:30,35,1777
914,female,Saturday,yes,no,no,12:30-1:30,34,1756
915,female,Saturday,yes,no,no,12:30-1:30,39,1841
916,female,Saturday,yes,no,no,12:30-1:30,36,1795
917,female,Saturday,yes,no,no,12:30-1:30,36,1782
918,female,Saturday,no,yes,no,12:30-1:30,17,1506
919,female,Saturday,no,yes,no,12:30-1:30,19,1547
920,female,Saturday,no,yes,no,12:30-1:30,17,1521
921,female,Saturday,no,yes,no,12:30-1:30,20,1557
922,female,Saturday,no,yes,no,12:30-1:30,21,1575
923,female,Saturday,no,yes,no,12:30-1:30,19,1538
924,female,Saturday,no,yes,no,12:30-1:30,17,1507
925,female,Saturday,no,yes,no,12:30-1:30,19,1542
926,female,Saturday,no,yes,no,12:30-1:30,20,1570
927,female,Saturday,no,yes,no,12:30-1:30,17,1510
928,female,Saturday,no,yes,no,12:30-1:30,76,1452
929,female,Saturday,no,yes,no,12:30-1:30,72,1396
930,female,Saturday,no,yes,no,12:30-1:30,75,1432
931,female,Saturday,no,yes,no,12:30-1:30,73,1407
932,female,Saturday,no,yes,no,12:30-1:30,74,1422
933,female,Saturday,no,yes,no,12:30-1:30,72,1396
934,female,Saturday,no,yes,no,12:30-1:30,76,1449
935,female,Saturday,no,yes,no,12:30-1:30,74,1422
936,female,Saturday,no,yes,no,12:30-1:30,72,1386
937,female,Saturday,no,yes,no,12:30-1:30,76,1449
938,female,Saturday,no,no,yes,12:30-1:30,13,1662
939,female,Saturday,no,no,yes,12:30-1:30,13,1680
940,female,Saturday,no,no,yes,12:30-1:30,13,1674
941,female,Saturday,no,no,yes,12:30-1:30,14,1725
942,female,Saturday,no,no,yes,12:30-1:30,13,1661
943,female,Saturday,no,no,yes,12:30-1:30,12,1631
944,female,Saturday,no,no,yes,12:30-1:30,12,1651
945,female,Saturday,no,no,yes,12:30-1:30,12,1648
946,female,Saturday,no,no,yes,12:30-1:30,14,1719
947,female,Saturday,no,no,yes,12:30-1:30,12,1635
948,female,Saturday,yes,no,no,1:30-2:30,38,657
949,female,Saturday,yes,no,no,1:30-2:30,39,662
950,female,Saturday,yes,no,no,1:30-2:30,38,654
951,female,Saturday,yes,no,no,1:30-2:30,37,649
952,female,Saturday,yes,no,no,1:30-2:30,35,634
953,female,Saturday,yes,no,no,1:30-2:30,37,647
954,female,Saturday,yes,no,no,1:30-2:30,35,636
955,female,Saturday,yes,no,no,1:30-2:30,39,660
956,female,Saturday,yes,no,no,1:30-2:30,34,631
957,female,Saturday,yes,no,no,1:30-2:30,39,664
958,female,Saturday,no,yes,no,1:30-2:30,20,563
959,female,Saturday,no,yes,no,1:30-2:30,19,553
960,female,Saturday,no,yes,no,1:30-2:30,19,557
961,female,Saturday,no,yes,no,1:30-2:30,19,555
962,female,Saturday,no,yes,no,1:30-2:30,18,549
963,female,Saturday,no,yes,no,1:30-2:30,19,554
964,female,Saturday,no,yes,no,1:30-2:30,22,574
965,female,Saturday,no,yes,no,1:30-2:30,19,552
966,female,Saturday,no,yes,no,1:30-2:30,17,540
967,female,Saturday,no,yes,no,1:30-2:30,21,568
968,female,Saturday,no,yes,no,1:30-2:30,72,496
969,female,Saturday,no,yes,no,1:30-2:30,72,500
970,female,Saturday,no,yes,no,1:30-2:30,74,513
971,female,Saturday,no,yes,no,1:30-2:30,75,519
972,female,Saturday,no,yes,no,1:30-2:30,77,527
973,female,Saturday,no,yes,no,1:30-2:30,74,511
974,female,Saturday,no,yes,no,1:30-2:30,73,504
975,female,Saturday,no,yes,no,1:30-2:30,77,530
976,female,Saturday,no,yes,no,1:30-2:30,75,516
977,female,Saturday,no,yes,no,1:30-2:30,73,504
978,female,Saturday,no,no,yes,1:30-2:30,13,607
979,female,Saturday,no,no,yes,1:30-2:30,13,597
980,female,Saturday,no,no,yes,1:30-2:30,12,591
981,female,Saturday,no,no,yes,1:30-2:30,13,605
982,female,Saturday,no,no,yes,1:30-2:30,14,619
983,female,Saturday,no,no,yes,1:30-2:30,12,588
984,female,Saturday,no,no,yes,1:30-2:30,14,613
985,female,Saturday,no,no,yes,1:30-2:30,12,589
986,female,Saturday,no,no,yes,1:30-2:30,12,586
987,female,Saturday,no,no,yes,1:30-2:30,13,595
